
{
  "header": {
    "reportVersion": 1,
    "event": "Allocation failed - JavaScript heap out of memory",
    "trigger": "FatalError",
    "filename": "report.20190913.151448.29368.0.001.json",
    "dumpEventTime": "2019-09-13T15:14:48Z",
    "dumpEventTimeStamp": "1568376888684",
    "processId": 29368,
    "cwd": "/Users/olegdmitriev/Webplaneta/tocode/vue-project/carRent",
    "commandLine": [
      "node",
      "/Users/olegdmitriev/Webplaneta/tocode/vue-project/carRent/node_modules/.bin/nuxt",
      "generate"
    ],
    "nodejsVersion": "v12.8.0",
    "wordSize": 64,
    "arch": "x64",
    "platform": "darwin",
    "componentVersions": {
      "node": "12.8.0",
      "v8": "7.5.288.22-node.16",
      "uv": "1.30.1",
      "zlib": "1.2.11",
      "brotli": "1.0.7",
      "ares": "1.15.0",
      "modules": "72",
      "nghttp2": "1.39.1",
      "napi": "4",
      "llhttp": "1.1.4",
      "http_parser": "2.8.0",
      "openssl": "1.1.1c",
      "cldr": "35.1",
      "icu": "64.2",
      "tz": "2019a",
      "unicode": "12.1"
    },
    "release": {
      "name": "node",
      "headersUrl": "https://nodejs.org/download/release/v12.8.0/node-v12.8.0-headers.tar.gz",
      "sourceUrl": "https://nodejs.org/download/release/v12.8.0/node-v12.8.0.tar.gz"
    },
    "osName": "Darwin",
    "osRelease": "18.7.0",
    "osVersion": "Darwin Kernel Version 18.7.0: Tue Aug 20 16:57:14 PDT 2019; root:xnu-4903.271.2~2/RELEASE_X86_64",
    "osMachine": "x86_64",
    "cpus": [
      {
        "model": "Intel(R) Core(TM) i7-7700HQ CPU @ 2.80GHz",
        "speed": 2800,
        "user": 7350020,
        "nice": 0,
        "sys": 4220380,
        "idle": 65800640,
        "irq": 0
      },
      {
        "model": "Intel(R) Core(TM) i7-7700HQ CPU @ 2.80GHz",
        "speed": 2800,
        "user": 462390,
        "nice": 0,
        "sys": 346040,
        "idle": 76543350,
        "irq": 0
      },
      {
        "model": "Intel(R) Core(TM) i7-7700HQ CPU @ 2.80GHz",
        "speed": 2800,
        "user": 5030120,
        "nice": 0,
        "sys": 4977110,
        "idle": 67344680,
        "irq": 0
      },
      {
        "model": "Intel(R) Core(TM) i7-7700HQ CPU @ 2.80GHz",
        "speed": 2800,
        "user": 410790,
        "nice": 0,
        "sys": 249420,
        "idle": 76691110,
        "irq": 0
      },
      {
        "model": "Intel(R) Core(TM) i7-7700HQ CPU @ 2.80GHz",
        "speed": 2800,
        "user": 4153740,
        "nice": 0,
        "sys": 2319280,
        "idle": 70878860,
        "irq": 0
      },
      {
        "model": "Intel(R) Core(TM) i7-7700HQ CPU @ 2.80GHz",
        "speed": 2800,
        "user": 400030,
        "nice": 0,
        "sys": 231040,
        "idle": 76720220,
        "irq": 0
      },
      {
        "model": "Intel(R) Core(TM) i7-7700HQ CPU @ 2.80GHz",
        "speed": 2800,
        "user": 3916030,
        "nice": 0,
        "sys": 1555300,
        "idle": 71880540,
        "irq": 0
      },
      {
        "model": "Intel(R) Core(TM) i7-7700HQ CPU @ 2.80GHz",
        "speed": 2800,
        "user": 396830,
        "nice": 0,
        "sys": 209680,
        "idle": 76744760,
        "irq": 0
      }
    ],
    "networkInterfaces": [
      {
        "name": "lo0",
        "internal": true,
        "mac": "00:00:00:00:00:00",
        "address": "127.0.0.1",
        "netmask": "255.0.0.0",
        "family": "IPv4"
      },
      {
        "name": "lo0",
        "internal": true,
        "mac": "00:00:00:00:00:00",
        "address": "::1",
        "netmask": "ffff:ffff:ffff:ffff:ffff:ffff:ffff:ffff",
        "family": "IPv6",
        "scopeid": 0
      },
      {
        "name": "lo0",
        "internal": true,
        "mac": "00:00:00:00:00:00",
        "address": "fe80::1",
        "netmask": "ffff:ffff:ffff:ffff::",
        "family": "IPv6",
        "scopeid": 1
      },
      {
        "name": "en0",
        "internal": false,
        "mac": "88:e9:fe:4d:a5:40",
        "address": "fe80::14c2:b4d4:49a1:603f",
        "netmask": "ffff:ffff:ffff:ffff::",
        "family": "IPv6",
        "scopeid": 8
      },
      {
        "name": "en0",
        "internal": false,
        "mac": "88:e9:fe:4d:a5:40",
        "address": "2a00:1fa1:25c:7990:57:4776:8d91:6f95",
        "netmask": "ffff:ffff:ffff:ffff::",
        "family": "IPv6",
        "scopeid": 0
      },
      {
        "name": "en0",
        "internal": false,
        "mac": "88:e9:fe:4d:a5:40",
        "address": "2a00:1fa1:25c:7990:d08a:8548:f658:13d2",
        "netmask": "ffff:ffff:ffff:ffff::",
        "family": "IPv6",
        "scopeid": 0
      },
      {
        "name": "en0",
        "internal": false,
        "mac": "88:e9:fe:4d:a5:40",
        "address": "192.168.43.188",
        "netmask": "255.255.255.0",
        "family": "IPv4"
      },
      {
        "name": "awdl0",
        "internal": false,
        "mac": "52:3a:ab:f7:69:86",
        "address": "fe80::503a:abff:fef7:6986",
        "netmask": "ffff:ffff:ffff:ffff::",
        "family": "IPv6",
        "scopeid": 10
      },
      {
        "name": "utun0",
        "internal": false,
        "mac": "00:00:00:00:00:00",
        "address": "fe80::abd5:35a:272b:3e2",
        "netmask": "ffff:ffff:ffff:ffff::",
        "family": "IPv6",
        "scopeid": 16
      },
      {
        "name": "en5",
        "internal": false,
        "mac": "ac:de:48:00:11:22",
        "address": "fe80::aede:48ff:fe00:1122",
        "netmask": "ffff:ffff:ffff:ffff::",
        "family": "IPv6",
        "scopeid": 7
      }
    ],
    "host": "OlegDmitirev"
  },
  "javascriptStack": {
    "message": "No stack.",
    "stack": [
      "Unavailable."
    ]
  },
  "nativeStack": [
    {
      "pc": "0x00000001001432e8",
      "symbol": "report::TriggerNodeReport(v8::Isolate*, node::Environment*, char const*, char const*, std::__1::basic_string<char, std::__1::char_traits<char>, std::__1::allocator<char> > const&, v8::Local<v8::String>) [/usr/local/bin/node]"
    },
    {
      "pc": "0x00000001000777df",
      "symbol": "node::OnFatalError(char const*, char const*) [/usr/local/bin/node]"
    },
    {
      "pc": "0x000000010016ecc7",
      "symbol": "v8::Utils::ReportOOMFailure(v8::internal::Isolate*, char const*, bool) [/usr/local/bin/node]"
    },
    {
      "pc": "0x000000010016ec5c",
      "symbol": "v8::internal::V8::FatalProcessOutOfMemory(v8::internal::Isolate*, char const*, bool) [/usr/local/bin/node]"
    },
    {
      "pc": "0x000000010033c215",
      "symbol": "v8::internal::Heap::FatalProcessOutOfMemory(char const*) [/usr/local/bin/node]"
    },
    {
      "pc": "0x000000010033d303",
      "symbol": "v8::internal::Heap::CheckIneffectiveMarkCompact(unsigned long, double) [/usr/local/bin/node]"
    },
    {
      "pc": "0x000000010033aae3",
      "symbol": "v8::internal::Heap::PerformGarbageCollection(v8::internal::GarbageCollector, v8::GCCallbackFlags) [/usr/local/bin/node]"
    },
    {
      "pc": "0x000000010033879f",
      "symbol": "v8::internal::Heap::CollectGarbage(v8::internal::AllocationSpace, v8::internal::GarbageCollectionReason, v8::GCCallbackFlags) [/usr/local/bin/node]"
    },
    {
      "pc": "0x0000000100343494",
      "symbol": "v8::internal::Heap::AllocateRawWithLightRetry(int, v8::internal::AllocationType, v8::internal::AllocationAlignment) [/usr/local/bin/node]"
    },
    {
      "pc": "0x000000010034350f",
      "symbol": "v8::internal::Heap::AllocateRawWithRetryOrFail(int, v8::internal::AllocationType, v8::internal::AllocationAlignment) [/usr/local/bin/node]"
    },
    {
      "pc": "0x0000000100310057",
      "symbol": "v8::internal::Factory::NewFillerObject(int, bool, v8::internal::AllocationType) [/usr/local/bin/node]"
    },
    {
      "pc": "0x00000001005ccc84",
      "symbol": "v8::internal::Runtime_AllocateInOldGeneration(int, unsigned long*, v8::internal::Isolate*) [/usr/local/bin/node]"
    },
    {
      "pc": "0x00000001009125b9",
      "symbol": "Builtins_CEntry_Return1_DontSaveFPRegs_ArgvOnStack_NoBuiltinExit [/usr/local/bin/node]"
    },
    {
      "pc": "0x00001ed424e8430e",
      "symbol": ""
    },
    {
      "pc": "0x00001ed424c0a2aa",
      "symbol": ""
    }
  ],
  "javascriptHeap": {
    "totalMemory": 2159755264,
    "totalCommittedMemory": 2157012208,
    "usedMemory": 2141682624,
    "availableMemory": 46384216,
    "memoryLimit": 2197815296,
    "heapSpaces": {
      "read_only_space": {
        "memorySize": 262144,
        "committedMemory": 32272,
        "capacity": 261832,
        "used": 31960,
        "available": 229872
      },
      "new_space": {
        "memorySize": 8388608,
        "committedMemory": 6507552,
        "capacity": 4189312,
        "used": 545944,
        "available": 3643368
      },
      "old_space": {
        "memorySize": 2026516480,
        "committedMemory": 2026223656,
        "capacity": 2020245056,
        "used": 2019983424,
        "available": 261632
      },
      "code_space": {
        "memorySize": 2523136,
        "committedMemory": 2226304,
        "capacity": 2020640,
        "used": 2020640,
        "available": 0
      },
      "map_space": {
        "memorySize": 6295552,
        "committedMemory": 6253080,
        "capacity": 3554960,
        "used": 3554960,
        "available": 0
      },
      "large_object_space": {
        "memorySize": 114565120,
        "committedMemory": 114565120,
        "capacity": 114445056,
        "used": 114445056,
        "available": 0
      },
      "code_large_object_space": {
        "memorySize": 1204224,
        "committedMemory": 1204224,
        "capacity": 1100640,
        "used": 1100640,
        "available": 0
      },
      "new_large_object_space": {
        "memorySize": 0,
        "committedMemory": 0,
        "capacity": 4189312,
        "used": 0,
        "available": 4189312
      }
    }
  },
  "resourceUsage": {
    "userCpuSeconds": 87.1005,
    "kernelCpuSeconds": 6.02411,
    "cpuConsumptionPercent": 23.9395,
    "maxRss": 2365033807872,
    "pageFaults": {
      "IORequired": 65,
      "IONotRequired": 1441452
    },
    "fsActivity": {
      "reads": 0,
      "writes": 0
    }
  },
  "libuv": [
  ],
  "environmentVariables": {
    "npm_config_save_dev": "",
    "npm_config_legacy_bundling": "",
    "npm_config_dry_run": "",
    "npm_config_viewer": "man",
    "npm_config_only": "",
    "npm_config_commit_hooks": "true",
    "npm_config_browser": "",
    "npm_config_also": "",
    "npm_package_dependencies_mongoose": "^5.6.4",
    "npm_config_sign_git_commit": "",
    "npm_config_rollback": "true",
    "TERM_PROGRAM": "vscode",
    "NODE": "/usr/local/bin/node",
    "npm_config_usage": "",
    "npm_config_audit": "true",
    "INIT_CWD": "/Users/olegdmitriev/Webplaneta/tocode/vue-project/carRent",
    "npm_package_dependencies_axios": "^0.19.0",
    "npm_config_globalignorefile": "/usr/local/etc/npmignore",
    "SHELL": "/bin/bash",
    "TERM": "xterm-256color",
    "npm_config_shell": "/bin/bash",
    "npm_config_maxsockets": "50",
    "npm_config_init_author_url": "",
    "npm_config_shrinkwrap": "true",
    "npm_config_parseable": "",
    "npm_config_metrics_registry": "https://registry.npmjs.org/",
    "TMPDIR": "/var/folders/fr/kk8tk_7x5x18xwy57zbr7g9h0000gn/T/",
    "npm_config_timing": "",
    "npm_config_init_license": "ISC",
    "npm_package_dependencies__nuxtjs_axios": "^5.3.6",
    "Apple_PubSub_Socket_Render": "/private/tmp/com.apple.launchd.9fwCzC3q6Z/Render",
    "npm_config_if_present": "",
    "TERM_PROGRAM_VERSION": "1.38.0",
    "npm_package_scripts_dev": "nuxt",
    "npm_config_sign_git_tag": "",
    "npm_config_init_author_email": "",
    "npm_config_cache_max": "Infinity",
    "npm_package_devDependencies_sass_loader": "^7.1.0",
    "npm_config_preid": "",
    "npm_config_long": "",
    "npm_config_local_address": "",
    "npm_config_git_tag_version": "true",
    "npm_config_cert": "",
    "npm_package_dependencies_vue2_editor": "^2.10.0",
    "npm_package_dependencies_v_wow": "git+https://github.com/guisoares2011/vue-wow.git",
    "npm_config_registry": "https://registry.npmjs.org/",
    "npm_config_noproxy": "",
    "npm_config_fetch_retries": "2",
    "npm_package_private": "true",
    "npm_package_dependencies_vue_tabs_with_active_line": "^1.2.4",
    "npm_package_scripts_generate": "nuxt generate",
    "npm_config_versions": "",
    "npm_config_message": "%s",
    "npm_config_key": "",
    "npm_package_readmeFilename": "README.md",
    "npm_package_description": "My funkadelic Nuxt.js project",
    "USER": "olegdmitriev",
    "npm_config_globalconfig": "/usr/local/etc/npmrc",
    "npm_config_prefer_online": "",
    "npm_config_logs_max": "10",
    "npm_config_always_auth": "",
    "npm_package_dependencies_vue_sweetalert2": "^2.1.1",
    "SSH_AUTH_SOCK": "/private/tmp/com.apple.launchd.LQzEucyp2h/Listeners",
    "__CF_USER_TEXT_ENCODING": "0x1F5:0x7:0x31",
    "npm_execpath": "/usr/local/lib/node_modules/npm/bin/npm-cli.js",
    "npm_config_global_style": "",
    "npm_config_cache_lock_retries": "10",
    "npm_config_update_notifier": "true",
    "npm_config_cafile": "",
    "npm_package_author_name": "webdmitriev",
    "npm_config_heading": "npm",
    "npm_config_audit_level": "low",
    "npm_config_searchlimit": "20",
    "npm_config_read_only": "",
    "npm_config_offline": "",
    "npm_config_fetch_retry_mintimeout": "10000",
    "npm_config_json": "",
    "npm_config_access": "",
    "npm_config_argv": "{\"remain\":[],\"cooked\":[\"run\",\"generate\"],\"original\":[\"run\",\"generate\"]}",
    "npm_package_dependencies_vue_directive_tooltip": "^1.6.2",
    "PATH": "/usr/local/lib/node_modules/npm/node_modules/npm-lifecycle/node-gyp-bin:/Users/olegdmitriev/Webplaneta/tocode/vue-project/carRent/node_modules/.bin:/usr/local/bin:/usr/bin:/bin:/usr/sbin:/sbin:/Users/olegdmitriev/.composer/vendor/bin:/Users/olegdmitriev/.composer/vendor/bin",
    "npm_config_allow_same_version": "",
    "npm_config_https_proxy": "",
    "npm_config_engine_strict": "",
    "npm_config_description": "true",
    "_": "/Users/olegdmitriev/Webplaneta/tocode/vue-project/carRent/node_modules/.bin/nuxt",
    "npm_config_userconfig": "/Users/olegdmitriev/.npmrc",
    "npm_config_init_module": "/Users/olegdmitriev/.npm-init.js",
    "npm_config_cidr": "",
    "npm_package_dependencies_vue_owl_carousel": "^2.0.3",
    "npm_package_dependencies_vue_markdown": "^2.2.4",
    "npm_package_dependencies_vue_local_storage": "^0.1.3",
    "PWD": "/Users/olegdmitriev/Webplaneta/tocode/vue-project/carRent",
    "npm_config_user": "",
    "npm_config_node_version": "12.8.0",
    "npm_lifecycle_event": "generate",
    "npm_package_dependencies_cross_env": "^5.2.0",
    "npm_config_save": "true",
    "npm_config_ignore_prepublish": "",
    "npm_config_editor": "vi",
    "npm_config_auth_type": "legacy",
    "npm_package_name": "payless",
    "LANG": "ru_RU.UTF-8",
    "npm_config_tag": "latest",
    "npm_config_script_shell": "",
    "npm_package_dependencies_body_parser": "^1.19.0",
    "npm_config_progress": "true",
    "npm_config_global": "",
    "npm_config_before": "",
    "npm_package_dependencies_vue_awesome_swiper": "^3.1.3",
    "npm_package_scripts_start": "nuxt start",
    "npm_package_scripts_build": "nuxt build",
    "npm_config_searchstaleness": "900",
    "npm_config_optional": "true",
    "npm_config_ham_it_up": "",
    "XPC_FLAGS": "0x0",
    "npm_config_save_prod": "",
    "npm_config_force": "",
    "npm_config_bin_links": "true",
    "npm_config_searchopts": "",
    "npm_config_node_gyp": "/usr/local/lib/node_modules/npm/node_modules/node-gyp/bin/node-gyp.js",
    "npm_config_depth": "Infinity",
    "npm_package_dependencies_vue_localstorage": "^0.6.2",
    "npm_config_sso_poll_frequency": "500",
    "npm_config_rebuild_bundle": "true",
    "npm_package_version": "1.0.0",
    "XPC_SERVICE_NAME": "0",
    "npm_config_unicode": "true",
    "npm_package_dependencies_v_page": "^2.0.8",
    "HOME": "/Users/olegdmitriev",
    "SHLVL": "3",
    "npm_config_fetch_retry_maxtimeout": "60000",
    "npm_config_tag_version_prefix": "v",
    "npm_config_strict_ssl": "true",
    "npm_config_sso_type": "oauth",
    "npm_config_scripts_prepend_node_path": "warn-only",
    "npm_config_save_prefix": "^",
    "npm_config_loglevel": "notice",
    "npm_config_ca": "",
    "npm_config_save_exact": "",
    "npm_config_group": "20",
    "npm_config_fetch_retry_factor": "10",
    "npm_config_dev": "",
    "npm_config_version": "",
    "npm_config_prefer_offline": "",
    "npm_config_cache_lock_stale": "60000",
    "npm_package_dependencies_js_cookie": "^2.2.1",
    "npm_config_otp": "",
    "npm_config_cache_min": "10",
    "npm_package_dependencies_vue_the_mask": "^0.11.1",
    "npm_package_dependencies_firebase": "^6.3.3",
    "npm_config_searchexclude": "",
    "npm_config_cache": "/Users/olegdmitriev/.npm",
    "LOGNAME": "olegdmitriev",
    "npm_lifecycle_script": "nuxt generate",
    "npm_config_color": "true",
    "npm_package_dependencies_nuxt_vuex_localstorage": "^1.2.6",
    "npm_package_dependencies_element_ui": "^2.4.11",
    "npm_config_proxy": "",
    "npm_config_package_lock": "true",
    "npm_config_package_lock_only": "",
    "npm_package_dependencies_vuex_persistedstate": "^2.5.4",
    "npm_config_save_optional": "",
    "npm_config_ignore_scripts": "",
    "npm_config_user_agent": "npm/6.10.2 node/v12.8.0 darwin x64",
    "npm_package_dependencies__myena_vue_table": "^0.7.9",
    "npm_config_cache_lock_wait": "10000",
    "npm_config_production": "",
    "npm_package_dependencies_nuxt": "^2.0.0",
    "npm_config_send_metrics": "",
    "npm_config_save_bundle": "",
    "npm_package_dependencies_express": "^4.16.4",
    "npm_config_umask": "0022",
    "npm_config_node_options": "",
    "npm_config_init_version": "1.0.0",
    "npm_package_dependencies_vue_smart_pagination": "^2.0.9",
    "npm_config_init_author_name": "",
    "npm_config_git": "git",
    "npm_config_scope": "",
    "npm_package_devDependencies_node_sass": "^4.12.0",
    "npm_package_dependencies_vue_paginate": "^3.6.0",
    "npm_config_unsafe_perm": "true",
    "npm_config_tmp": "/var/folders/fr/kk8tk_7x5x18xwy57zbr7g9h0000gn/T",
    "npm_config_onload_script": "",
    "npm_package_devDependencies_nodemon": "^1.18.9",
    "npm_node_execpath": "/usr/local/bin/node",
    "npm_config_prefix": "/usr/local",
    "npm_config_link": "",
    "COLORTERM": "truecolor",
    "NODE_ENV": "production",
    "VUE_ENV": "server"
  },
  "userLimits": {
    "core_file_size_blocks": {
      "soft": 0,
      "hard": "unlimited"
    },
    "data_seg_size_kbytes": {
      "soft": "unlimited",
      "hard": "unlimited"
    },
    "file_size_blocks": {
      "soft": "unlimited",
      "hard": "unlimited"
    },
    "max_locked_memory_bytes": {
      "soft": "unlimited",
      "hard": "unlimited"
    },
    "max_memory_size_kbytes": {
      "soft": "unlimited",
      "hard": "unlimited"
    },
    "open_files": {
      "soft": 24576,
      "hard": "unlimited"
    },
    "stack_size_bytes": {
      "soft": 8388608,
      "hard": 67104768
    },
    "cpu_time_seconds": {
      "soft": "unlimited",
      "hard": "unlimited"
    },
    "max_user_processes": {
      "soft": 1418,
      "hard": 2128
    },
    "virtual_memory_kbytes": {
      "soft": "unlimited",
      "hard": "unlimited"
    }
  },
  "sharedObjects": [
    "/usr/local/bin/node",
    "/System/Library/Frameworks/CoreFoundation.framework/Versions/A/CoreFoundation",
    "/usr/lib/libSystem.B.dylib",
    "/usr/lib/libc++.1.dylib",
    "/usr/lib/libobjc.A.dylib",
    "/usr/lib/libDiagnosticMessagesClient.dylib",
    "/usr/lib/libicucore.A.dylib",
    "/usr/lib/libz.1.dylib",
    "/usr/lib/libc++abi.dylib",
    "/usr/lib/system/libcache.dylib",
    "/usr/lib/system/libcommonCrypto.dylib",
    "/usr/lib/system/libcompiler_rt.dylib",
    "/usr/lib/system/libcopyfile.dylib",
    "/usr/lib/system/libcorecrypto.dylib",
    "/usr/lib/system/libdispatch.dylib",
    "/usr/lib/system/libdyld.dylib",
    "/usr/lib/system/libkeymgr.dylib",
    "/usr/lib/system/liblaunch.dylib",
    "/usr/lib/system/libmacho.dylib",
    "/usr/lib/system/libquarantine.dylib",
    "/usr/lib/system/libremovefile.dylib",
    "/usr/lib/system/libsystem_asl.dylib",
    "/usr/lib/system/libsystem_blocks.dylib",
    "/usr/lib/system/libsystem_c.dylib",
    "/usr/lib/system/libsystem_configuration.dylib",
    "/usr/lib/system/libsystem_coreservices.dylib",
    "/usr/lib/system/libsystem_darwin.dylib",
    "/usr/lib/system/libsystem_dnssd.dylib",
    "/usr/lib/system/libsystem_info.dylib",
    "/usr/lib/system/libsystem_m.dylib",
    "/usr/lib/system/libsystem_malloc.dylib",
    "/usr/lib/system/libsystem_networkextension.dylib",
    "/usr/lib/system/libsystem_notify.dylib",
    "/usr/lib/system/libsystem_sandbox.dylib",
    "/usr/lib/system/libsystem_secinit.dylib",
    "/usr/lib/system/libsystem_kernel.dylib",
    "/usr/lib/system/libsystem_platform.dylib",
    "/usr/lib/system/libsystem_pthread.dylib",
    "/usr/lib/system/libsystem_symptoms.dylib",
    "/usr/lib/system/libsystem_trace.dylib",
    "/usr/lib/system/libunwind.dylib",
    "/usr/lib/system/libxpc.dylib",
    "/System/Library/CoreServices/Encodings/libCyrillicConverter.dylib",
    "/System/Library/Frameworks/ApplicationServices.framework/Versions/A/ApplicationServices",
    "/System/Library/Frameworks/CoreGraphics.framework/Versions/A/CoreGraphics",
    "/System/Library/Frameworks/CoreText.framework/Versions/A/CoreText",
    "/System/Library/Frameworks/ImageIO.framework/Versions/A/ImageIO",
    "/System/Library/Frameworks/ColorSync.framework/Versions/A/ColorSync",
    "/System/Library/Frameworks/ApplicationServices.framework/Versions/A/Frameworks/ATS.framework/Versions/A/ATS",
    "/System/Library/Frameworks/ApplicationServices.framework/Versions/A/Frameworks/ColorSyncLegacy.framework/Versions/A/ColorSyncLegacy",
    "/System/Library/Frameworks/CoreServices.framework/Versions/A/CoreServices",
    "/System/Library/Frameworks/ApplicationServices.framework/Versions/A/Frameworks/HIServices.framework/Versions/A/HIServices",
    "/System/Library/Frameworks/ApplicationServices.framework/Versions/A/Frameworks/LangAnalysis.framework/Versions/A/LangAnalysis",
    "/System/Library/Frameworks/ApplicationServices.framework/Versions/A/Frameworks/PrintCore.framework/Versions/A/PrintCore",
    "/System/Library/Frameworks/ApplicationServices.framework/Versions/A/Frameworks/QD.framework/Versions/A/QD",
    "/System/Library/Frameworks/ApplicationServices.framework/Versions/A/Frameworks/SpeechSynthesis.framework/Versions/A/SpeechSynthesis",
    "/System/Library/PrivateFrameworks/SkyLight.framework/Versions/A/SkyLight",
    "/System/Library/Frameworks/IOSurface.framework/Versions/A/IOSurface",
    "/usr/lib/libxml2.2.dylib",
    "/System/Library/Frameworks/CFNetwork.framework/Versions/A/CFNetwork",
    "/System/Library/Frameworks/Accelerate.framework/Versions/A/Accelerate",
    "/System/Library/Frameworks/Foundation.framework/Versions/C/Foundation",
    "/usr/lib/libcompression.dylib",
    "/System/Library/Frameworks/SystemConfiguration.framework/Versions/A/SystemConfiguration",
    "/System/Library/Frameworks/CoreDisplay.framework/Versions/A/CoreDisplay",
    "/System/Library/Frameworks/IOKit.framework/Versions/A/IOKit",
    "/System/Library/Frameworks/Metal.framework/Versions/A/Metal",
    "/System/Library/Frameworks/MetalPerformanceShaders.framework/Versions/A/MetalPerformanceShaders",
    "/System/Library/PrivateFrameworks/MultitouchSupport.framework/Versions/A/MultitouchSupport",
    "/System/Library/Frameworks/Security.framework/Versions/A/Security",
    "/System/Library/Frameworks/QuartzCore.framework/Versions/A/QuartzCore",
    "/usr/lib/libbsm.0.dylib",
    "/usr/lib/liblzma.5.dylib",
    "/usr/lib/libauto.dylib",
    "/System/Library/Frameworks/DiskArbitration.framework/Versions/A/DiskArbitration",
    "/usr/lib/libarchive.2.dylib",
    "/usr/lib/liblangid.dylib",
    "/usr/lib/libCRFSuite.dylib",
    "/usr/lib/libenergytrace.dylib",
    "/usr/lib/system/libkxld.dylib",
    "/System/Library/PrivateFrameworks/AppleFSCompression.framework/Versions/A/AppleFSCompression",
    "/usr/lib/libOpenScriptingUtil.dylib",
    "/usr/lib/libcoretls.dylib",
    "/usr/lib/libcoretls_cfhelpers.dylib",
    "/usr/lib/libpam.2.dylib",
    "/usr/lib/libsqlite3.dylib",
    "/usr/lib/libxar.1.dylib",
    "/usr/lib/libbz2.1.0.dylib",
    "/usr/lib/libnetwork.dylib",
    "/usr/lib/libapple_nghttp2.dylib",
    "/usr/lib/libpcap.A.dylib",
    "/System/Library/Frameworks/CoreServices.framework/Versions/A/Frameworks/FSEvents.framework/Versions/A/FSEvents",
    "/System/Library/Frameworks/CoreServices.framework/Versions/A/Frameworks/CarbonCore.framework/Versions/A/CarbonCore",
    "/System/Library/Frameworks/CoreServices.framework/Versions/A/Frameworks/Metadata.framework/Versions/A/Metadata",
    "/System/Library/Frameworks/CoreServices.framework/Versions/A/Frameworks/OSServices.framework/Versions/A/OSServices",
    "/System/Library/Frameworks/CoreServices.framework/Versions/A/Frameworks/SearchKit.framework/Versions/A/SearchKit",
    "/System/Library/Frameworks/CoreServices.framework/Versions/A/Frameworks/AE.framework/Versions/A/AE",
    "/System/Library/Frameworks/CoreServices.framework/Versions/A/Frameworks/LaunchServices.framework/Versions/A/LaunchServices",
    "/System/Library/Frameworks/CoreServices.framework/Versions/A/Frameworks/DictionaryServices.framework/Versions/A/DictionaryServices",
    "/System/Library/Frameworks/CoreServices.framework/Versions/A/Frameworks/SharedFileList.framework/Versions/A/SharedFileList",
    "/System/Library/Frameworks/NetFS.framework/Versions/A/NetFS",
    "/System/Library/PrivateFrameworks/NetAuth.framework/Versions/A/NetAuth",
    "/System/Library/PrivateFrameworks/login.framework/Versions/A/Frameworks/loginsupport.framework/Versions/A/loginsupport",
    "/System/Library/PrivateFrameworks/TCC.framework/Versions/A/TCC",
    "/System/Library/PrivateFrameworks/CoreNLP.framework/Versions/A/CoreNLP",
    "/System/Library/PrivateFrameworks/MetadataUtilities.framework/Versions/A/MetadataUtilities",
    "/usr/lib/libmecabra.dylib",
    "/usr/lib/libmecab.1.0.0.dylib",
    "/usr/lib/libgermantok.dylib",
    "/usr/lib/libThaiTokenizer.dylib",
    "/usr/lib/libChineseTokenizer.dylib",
    "/usr/lib/libiconv.2.dylib",
    "/usr/lib/libcharset.1.dylib",
    "/System/Library/PrivateFrameworks/LanguageModeling.framework/Versions/A/LanguageModeling",
    "/System/Library/PrivateFrameworks/CoreEmoji.framework/Versions/A/CoreEmoji",
    "/System/Library/PrivateFrameworks/Lexicon.framework/Versions/A/Lexicon",
    "/System/Library/PrivateFrameworks/LinguisticData.framework/Versions/A/LinguisticData",
    "/usr/lib/libcmph.dylib",
    "/System/Library/Frameworks/CoreData.framework/Versions/A/CoreData",
    "/System/Library/Frameworks/OpenDirectory.framework/Versions/A/Frameworks/CFOpenDirectory.framework/Versions/A/CFOpenDirectory",
    "/System/Library/PrivateFrameworks/APFS.framework/Versions/A/APFS",
    "/usr/lib/libutil.dylib",
    "/System/Library/Frameworks/ServiceManagement.framework/Versions/A/ServiceManagement",
    "/System/Library/PrivateFrameworks/BackgroundTaskManagement.framework/Versions/A/BackgroundTaskManagement",
    "/usr/lib/libxslt.1.dylib",
    "/System/Library/Frameworks/Accelerate.framework/Versions/A/Frameworks/vImage.framework/Versions/A/vImage",
    "/System/Library/Frameworks/Accelerate.framework/Versions/A/Frameworks/vecLib.framework/Versions/A/vecLib",
    "/System/Library/Frameworks/Accelerate.framework/Versions/A/Frameworks/vecLib.framework/Versions/A/libvMisc.dylib",
    "/System/Library/Frameworks/Accelerate.framework/Versions/A/Frameworks/vecLib.framework/Versions/A/libvDSP.dylib",
    "/System/Library/Frameworks/Accelerate.framework/Versions/A/Frameworks/vecLib.framework/Versions/A/libBLAS.dylib",
    "/System/Library/Frameworks/Accelerate.framework/Versions/A/Frameworks/vecLib.framework/Versions/A/libLAPACK.dylib",
    "/System/Library/Frameworks/Accelerate.framework/Versions/A/Frameworks/vecLib.framework/Versions/A/libLinearAlgebra.dylib",
    "/System/Library/Frameworks/Accelerate.framework/Versions/A/Frameworks/vecLib.framework/Versions/A/libSparseBLAS.dylib",
    "/System/Library/Frameworks/Accelerate.framework/Versions/A/Frameworks/vecLib.framework/Versions/A/libQuadrature.dylib",
    "/System/Library/Frameworks/Accelerate.framework/Versions/A/Frameworks/vecLib.framework/Versions/A/libBNNS.dylib",
    "/System/Library/Frameworks/Accelerate.framework/Versions/A/Frameworks/vecLib.framework/Versions/A/libSparse.dylib",
    "/System/Library/PrivateFrameworks/GPUWrangler.framework/Versions/A/GPUWrangler",
    "/System/Library/PrivateFrameworks/IOAccelerator.framework/Versions/A/IOAccelerator",
    "/System/Library/PrivateFrameworks/IOPresentment.framework/Versions/A/IOPresentment",
    "/System/Library/PrivateFrameworks/DSExternalDisplay.framework/Versions/A/DSExternalDisplay",
    "/System/Library/Frameworks/OpenGL.framework/Versions/A/Libraries/libCoreFSCache.dylib",
    "/System/Library/Frameworks/MetalPerformanceShaders.framework/Frameworks/MPSCore.framework/Versions/A/MPSCore",
    "/System/Library/Frameworks/MetalPerformanceShaders.framework/Frameworks/MPSImage.framework/Versions/A/MPSImage",
    "/System/Library/Frameworks/MetalPerformanceShaders.framework/Frameworks/MPSNeuralNetwork.framework/Versions/A/MPSNeuralNetwork",
    "/System/Library/Frameworks/MetalPerformanceShaders.framework/Frameworks/MPSMatrix.framework/Versions/A/MPSMatrix",
    "/System/Library/Frameworks/MetalPerformanceShaders.framework/Frameworks/MPSRayIntersector.framework/Versions/A/MPSRayIntersector",
    "/System/Library/PrivateFrameworks/MetalTools.framework/Versions/A/MetalTools",
    "/System/Library/PrivateFrameworks/AggregateDictionary.framework/Versions/A/AggregateDictionary",
    "/usr/lib/libMobileGestalt.dylib",
    "/System/Library/Frameworks/CoreImage.framework/Versions/A/CoreImage",
    "/System/Library/Frameworks/CoreVideo.framework/Versions/A/CoreVideo",
    "/System/Library/Frameworks/OpenGL.framework/Versions/A/OpenGL",
    "/System/Library/PrivateFrameworks/GraphVisualizer.framework/Versions/A/GraphVisualizer",
    "/System/Library/PrivateFrameworks/FaceCore.framework/Versions/A/FaceCore",
    "/System/Library/Frameworks/OpenCL.framework/Versions/A/OpenCL",
    "/usr/lib/libFosl_dynamic.dylib",
    "/System/Library/PrivateFrameworks/OTSVG.framework/Versions/A/OTSVG",
    "/System/Library/Frameworks/ApplicationServices.framework/Versions/A/Frameworks/ATS.framework/Versions/A/Resources/libFontParser.dylib",
    "/System/Library/Frameworks/ApplicationServices.framework/Versions/A/Frameworks/ATS.framework/Versions/A/Resources/libFontRegistry.dylib",
    "/System/Library/Frameworks/ImageIO.framework/Versions/A/Resources/libJPEG.dylib",
    "/System/Library/Frameworks/ImageIO.framework/Versions/A/Resources/libTIFF.dylib",
    "/System/Library/Frameworks/ImageIO.framework/Versions/A/Resources/libPng.dylib",
    "/System/Library/Frameworks/ImageIO.framework/Versions/A/Resources/libGIF.dylib",
    "/System/Library/Frameworks/ImageIO.framework/Versions/A/Resources/libJP2.dylib",
    "/System/Library/Frameworks/ImageIO.framework/Versions/A/Resources/libRadiance.dylib",
    "/System/Library/PrivateFrameworks/AppleJPEG.framework/Versions/A/AppleJPEG",
    "/System/Library/Frameworks/OpenGL.framework/Versions/A/Libraries/libGFXShared.dylib",
    "/System/Library/Frameworks/OpenGL.framework/Versions/A/Libraries/libGLU.dylib",
    "/System/Library/Frameworks/OpenGL.framework/Versions/A/Libraries/libGL.dylib",
    "/System/Library/Frameworks/OpenGL.framework/Versions/A/Libraries/libGLImage.dylib",
    "/System/Library/Frameworks/OpenGL.framework/Versions/A/Libraries/libCVMSPluginSupport.dylib",
    "/System/Library/Frameworks/OpenGL.framework/Versions/A/Libraries/libCoreVMClient.dylib",
    "/usr/lib/libcups.2.dylib",
    "/System/Library/Frameworks/Kerberos.framework/Versions/A/Kerberos",
    "/System/Library/Frameworks/GSS.framework/Versions/A/GSS",
    "/usr/lib/libresolv.9.dylib",
    "/System/Library/PrivateFrameworks/Heimdal.framework/Versions/A/Heimdal",
    "/usr/lib/libheimdal-asn1.dylib",
    "/System/Library/Frameworks/OpenDirectory.framework/Versions/A/OpenDirectory",
    "/System/Library/PrivateFrameworks/CommonAuth.framework/Versions/A/CommonAuth",
    "/System/Library/Frameworks/SecurityFoundation.framework/Versions/A/SecurityFoundation",
    "/System/Library/Frameworks/CoreAudio.framework/Versions/A/CoreAudio",
    "/System/Library/Frameworks/AudioToolbox.framework/Versions/A/AudioToolbox",
    "/System/Library/PrivateFrameworks/AppleSauce.framework/Versions/A/AppleSauce",
    "/System/Library/PrivateFrameworks/AssertionServices.framework/Versions/A/AssertionServices",
    "/System/Library/PrivateFrameworks/BaseBoard.framework/Versions/A/BaseBoard",
    "/Users/olegdmitriev/Webplaneta/tocode/vue-project/carRent/node_modules/fsevents/fsevents.node",
    "/Users/olegdmitriev/Webplaneta/tocode/vue-project/carRent/node_modules/node-sass/vendor/darwin-x64-72/binding.node",
    "/Users/olegdmitriev/Webplaneta/tocode/vue-project/carRent/node_modules/grpc/src/node/extension_binary/node-v72-darwin-x64-unknown/grpc_node.node"
  ]
}